S,compiled_us,eager_us,kernel_us,model,op,relerr,status,synthesized_at_S,vs_compiled,vs_eager
1024,559.7,2757.2,510.1,2.5-pro,bias_alibi,5.5e-03,OK,2048,1.1,5.41
1024,559.7,2757.2,226.9,3.1-pro,bias_alibi,5.5e-03,OK,2048,2.47,12.15
1024,560.5,2153.1,,2.5-pro,bias_block_diagonal,,AssertionError,2048,,
1024,560.5,2153.1,154.6,3.1-pro,bias_block_diagonal,5.1e-03,OK,2048,3.63,13.93
1024,559.8,2172.6,497.5,3.1-pro,bias_dilated,4.4e-03,OK,2048,1.13,4.37
1024,557.0,2171.3,,2.5-pro,bias_local,,AssertionError,2048,,
1024,557.0,2171.3,330.6,3.1-pro,bias_local,1.7e-02,OK,2048,1.68,6.57
1024,555.3,2157.4,663.1,2.5-pro,bias_prefix_lm,1.5e-02,OK,2048,0.84,3.25
1024,555.3,2157.4,733.7,3.1-pro,bias_prefix_lm,1.5e-02,OK,2048,0.76,2.94
1024,562.5,2167.0,,2.5-pro,bias_sliding_window,,AssertionError,2048,,
1024,562.5,2167.0,221.3,3.1-pro,bias_sliding_window,6.1e-03,OK,2048,2.54,9.79
1024,544.2,2032.9,150.4,2.5-pro,relu_attn,4.1e-03,OK,2048,3.62,13.52
1024,544.2,2032.9,10374.3,3.1-pro,relu_attn,4.1e-03,OK,2048,0.05,0.2
1024,544.5,2034.2,,2.5-pro,sigmoid_attn,,AssertionError,2048,,
1024,544.5,2034.2,312.5,3.1-pro,sigmoid_attn,6.3e-03,OK,2048,1.74,6.51
1024,577.5,2737.5,496.8,2.5-pro,softcap_gemma2,6.1e-03,OK,2048,1.16,5.51
1024,577.5,2737.5,262.7,3.1-pro,softcap_gemma2,6.1e-03,OK,2048,2.2,10.42
1024,558.2,2450.6,529.9,2.5-pro,temp_perhead,1.2e-02,OK,2048,1.05,4.62
1024,558.2,2450.6,733.9,3.1-pro,temp_perhead,1.2e-02,OK,2048,0.76,3.34
2048,3071.1,11078.7,1657.7,2.5-pro,bias_alibi,5.8e-03,OK,2048,1.85,6.68
2048,3071.1,11078.7,844.6,3.1-pro,bias_alibi,5.8e-03,OK,2048,3.64,13.12
2048,3086.4,8254.0,1197.4,2.5-pro,bias_block_diagonal,5.7e-03,OK,2048,2.58,6.89
2048,3086.4,8254.0,289.2,3.1-pro,bias_block_diagonal,5.7e-03,OK,2048,10.67,28.54
2048,2992.0,8443.3,1817.6,3.1-pro,bias_dilated,5.2e-03,OK,2048,1.65,4.65
2048,3178.3,8388.8,1951.8,2.5-pro,bias_local,1.2e-02,OK,2048,1.63,4.3
2048,3178.3,8388.8,661.6,3.1-pro,bias_local,1.2e-02,OK,2048,4.8,12.68
2048,3020.3,8333.7,2440.0,2.5-pro,bias_prefix_lm,1.2e-02,OK,2048,1.24,3.42
2048,3020.3,8333.7,1390.0,3.1-pro,bias_prefix_lm,1.2e-02,OK,2048,2.17,6.0
2048,2977.9,8330.2,902.9,2.5-pro,bias_sliding_window,6.6e-03,OK,2048,3.3,9.23
2048,2977.9,8330.2,432.4,3.1-pro,bias_sliding_window,6.6e-03,OK,2048,6.89,19.27
2048,5051.4,8537.2,473.0,2.5-pro,relu_attn,6.1e-03,OK,2048,10.68,18.05
2048,5051.4,8537.2,40738.0,3.1-pro,relu_attn,6.1e-03,OK,2048,0.12,0.21
2048,5179.3,8536.0,1075.9,2.5-pro,sigmoid_attn,4.4e-03,OK,2048,4.81,7.93
2048,5179.3,8536.0,1173.2,3.1-pro,sigmoid_attn,4.4e-03,OK,2048,4.41,7.28
2048,3368.3,10644.6,1624.5,2.5-pro,softcap_gemma2,8.7e-03,OK,2048,2.07,6.55
2048,3368.3,10644.6,901.0,3.1-pro,softcap_gemma2,8.7e-03,OK,2048,3.74,11.81
2048,3015.2,9522.5,1867.2,2.5-pro,temp_perhead,9.3e-03,OK,2048,1.61,5.1
2048,3015.2,9522.5,2811.3,3.1-pro,temp_perhead,9.3e-03,OK,2048,1.07,3.39
4096,11161.3,45671.6,5903.5,2.5-pro,bias_alibi,5.7e-03,OK,2048,1.89,7.74
4096,11161.3,45671.6,3216.3,3.1-pro,bias_alibi,5.7e-03,OK,2048,3.47,14.2
4096,11459.1,34183.0,,2.5-pro,bias_block_diagonal,,AssertionError,2048,,
4096,11459.1,34183.0,561.5,3.1-pro,bias_block_diagonal,5.4e-03,OK,2048,20.41,60.88
4096,10930.5,35076.1,7137.4,3.1-pro,bias_dilated,4.5e-03,OK,2048,1.53,4.91
4096,11708.5,34436.1,,2.5-pro,bias_local,,AssertionError,2048,,
4096,11708.5,34436.1,1324.9,3.1-pro,bias_local,2.0e-02,OK,2048,8.84,25.99
4096,11079.1,33574.9,9608.0,2.5-pro,bias_prefix_lm,1.6e-02,OK,2048,1.15,3.49
4096,11079.1,33574.9,,3.1-pro,bias_prefix_lm,2.3e-01,incorrect,2048,,
4096,10975.5,34477.3,,2.5-pro,bias_sliding_window,,AssertionError,2048,,
4096,10975.5,34477.3,856.4,3.1-pro,bias_sliding_window,6.2e-03,OK,2048,12.82,40.26
4096,19858.1,33715.2,1666.5,2.5-pro,relu_attn,4.3e-03,OK,2048,11.92,20.23
4096,19858.1,33715.2,161208.3,3.1-pro,relu_attn,4.3e-03,OK,2048,0.12,0.21
4096,20372.4,33715.5,,2.5-pro,sigmoid_attn,,AssertionError,2048,,
4096,20372.4,33715.5,4345.0,3.1-pro,sigmoid_attn,6.4e-03,OK,2048,4.69,7.76
4096,12520.0,42797.5,5809.1,2.5-pro,softcap_gemma2,8.3e-03,OK,2048,2.16,7.37
4096,12520.0,42797.5,3327.3,3.1-pro,softcap_gemma2,8.3e-03,OK,2048,3.76,12.86
4096,10916.1,38328.0,6873.6,2.5-pro,temp_perhead,8.3e-03,OK,2048,1.59,5.58
4096,10916.1,38328.0,10679.4,3.1-pro,temp_perhead,8.3e-03,OK,2048,1.02,3.59
